Name,Email,Phone
Tommie Goodyckaubischdv@wikia.com,307-726-6526,
Obadiah Godferyckaubischdv@wikia.com,307-726-6526,
Hewe Andriulisckaubischdv@wikia.com,307-726-6526,
Nicola Schaffelckaubischdv@wikia.com,307-726-6526,
Linnet Fellgateckaubischdv@wikia.com,307-726-6526,
Jeannine Espinolackaubischdv@wikia.com,307-726-6526,
Ferdie Arletckaubischdv@wikia.com,307-726-6526,
Deb Risebarerckaubischdv@wikia.com,307-726-6526,
Randell Girtckaubischdv@wikia.com,307-726-6526,
Ree Totmanckaubischdv@wikia.com,307-726-6526,
Christean Torransckaubischdv@wikia.com,307-726-6526,
Suzanna Bourkeckaubischdv@wikia.com,307-726-6526,
Steve Nehlsenckaubischdv@wikia.com,307-726-6526,
Kaile Antonellickaubischdv@wikia.com,307-726-6526,
Stu Aizikovckaubischdv@wikia.com,307-726-6526,
Karlene felipckaubischdv@wikia.com,307-726-6526,
Mychal Mellsopckaubischdv@wikia.com,307-726-6526,
Emera Wybrewckaubischdv@wikia.com,307-726-6526,
Farah Bernardockaubischdv@wikia.com,307-726-6526,
Lyndell Swinfonckaubischdv@wikia.com,307-726-6526,
Bern Chinackaubischdv@wikia.com,307-726-6526,
Darn Baldenckaubischdv@wikia.com,307-726-6526,
Midge Beltonckaubischdv@wikia.com,307-726-6526,
Roth Mollenckaubischdv@wikia.com,307-726-6526,
Port Giuriockaubischdv@wikia.com,307-726-6526,
Ambros Reuterckaubischdv@wikia.com,307-726-6526,
Alverta Brockhurstckaubischdv@wikia.com,307-726-6526,
Retha Henrietckaubischdv@wikia.com,307-726-6526,
Durward Hakenckaubischdv@wikia.com,307-726-6526,
Elsa Forestelckaubischdv@wikia.com,307-726-6526,
Reinaldo Grettonckaubischdv@wikia.com,307-726-6526,
Hy Lettenckaubischdv@wikia.com,307-726-6526,
Ardith Tibblesckaubischdv@wikia.com,307-726-6526,
Rickie Trundellckaubischdv@wikia.com,307-726-6526,
Georges Luthwoodckaubischdv@wikia.com,307-726-6526,
Dasie Peeverckaubischdv@wikia.com,307-726-6526,
Joel Randckaubischdv@wikia.com,307-726-6526,
Lorine Rozecckaubischdv@wikia.com,307-726-6526,
Linda Hellardckaubischdv@wikia.com,307-726-6526,
Haskell Vasyutochkinckaubischdv@wikia.com,307-726-6526,
Ann Klaaassenckaubischdv@wikia.com,307-726-6526,
Evania McMechanckaubischdv@wikia.com,307-726-6526,
Wendi Bumfreyckaubischdv@wikia.com,307-726-6526,
Lurette Dillamoreckaubischdv@wikia.com,307-726-6526,
Dud Rustadgeckaubischdv@wikia.com,307-726-6526,
Concettina Statherckaubischdv@wikia.com,307-726-6526,
Blakelee Barsonckaubischdv@wikia.com,307-726-6526,
Winnie Woodallckaubischdv@wikia.com,307-726-6526,
Rutter Fulfordckaubischdv@wikia.com,307-726-6526,
Leah Veryanckaubischdv@wikia.com,307-726-6526,
Illa Asplinckaubischdv@wikia.com,307-726-6526,
Erv Dimmackckaubischdv@wikia.com,307-726-6526,
Garfield Sweetingckaubischdv@wikia.com,307-726-6526,
Joyann Ridehalghckaubischdv@wikia.com,307-726-6526,
Emilie Yearnckaubischdv@wikia.com,307-726-6526,
Elden Garrickckaubischdv@wikia.com,307-726-6526,
Giff Millbergckaubischdv@wikia.com,307-726-6526,
Kara Ritsonckaubischdv@wikia.com,307-726-6526,
Emlen Menierckaubischdv@wikia.com,307-726-6526,
Martica Yurkevichckaubischdv@wikia.com,307-726-6526,
Donielle Spinettickaubischdv@wikia.com,307-726-6526,
Major Carlawckaubischdv@wikia.com,307-726-6526,
Ivy Cordeletckaubischdv@wikia.com,307-726-6526,
Marcel Renonckaubischdv@wikia.com,307-726-6526,
Chip Jeaffersonckaubischdv@wikia.com,307-726-6526,
Holly Logesckaubischdv@wikia.com,307-726-6526,
Valentino Thurbonckaubischdv@wikia.com,307-726-6526,
Patin Guitonneauckaubischdv@wikia.com,307-726-6526,
Carita Jobbinsckaubischdv@wikia.com,307-726-6526,
Starla Hayshamckaubischdv@wikia.com,307-726-6526,
Ramsey Dohmerckaubischdv@wikia.com,307-726-6526,
Alma Boggishckaubischdv@wikia.com,307-726-6526,
Eldredge Carrelckaubischdv@wikia.com,307-726-6526,
Merrill Grzegorekckaubischdv@wikia.com,307-726-6526,
Alix Dobesonckaubischdv@wikia.com,307-726-6526,
Carmencita Tuerckaubischdv@wikia.com,307-726-6526,
Parsifal Heiningckaubischdv@wikia.com,307-726-6526,
Thom Andrysekckaubischdv@wikia.com,307-726-6526,
Janie Roggerckaubischdv@wikia.com,307-726-6526,
Sumner Throughtonckaubischdv@wikia.com,307-726-6526,
Maurice Waggeckaubischdv@wikia.com,307-726-6526,
Dora Tennockckaubischdv@wikia.com,307-726-6526,
Hilliard Exrollckaubischdv@wikia.com,307-726-6526,
Roderic Sawtellckaubischdv@wikia.com,307-726-6526,
Dorrie Bleacklyckaubischdv@wikia.com,307-726-6526,
Bernete Emmetckaubischdv@wikia.com,307-726-6526,
Brady Frayckaubischdv@wikia.com,307-726-6526,
Dona Patonckaubischdv@wikia.com,307-726-6526,
Baird Curtainckaubischdv@wikia.com,307-726-6526,
Lonna Pinkneyckaubischdv@wikia.com,307-726-6526,
Jo Allumckaubischdv@wikia.com,307-726-6526,
Samson Bennyckaubischdv@wikia.com,307-726-6526,
Mureil Izatckaubischdv@wikia.com,307-726-6526,
Flem Clausenckaubischdv@wikia.com,307-726-6526,
Amery Eyersckaubischdv@wikia.com,307-726-6526,
Sondra Langstoneckaubischdv@wikia.com,307-726-6526,
Nona Fransecockaubischdv@wikia.com,307-726-6526,
Ara Layburnckaubischdv@wikia.com,307-726-6526,
Domenico Armstrongckaubischdv@wikia.com,307-726-6526,
Hewe Walaronckaubischdv@wikia.com,307-726-6526,
Duky Knivetonckaubischdv@wikia.com,307-726-6526,
Gram Wilsoneckaubischdv@wikia.com,307-726-6526,
Helen-elizabeth Flancinbaumckaubischdv@wikia.com,307-726-6526,
Van Miebesckaubischdv@wikia.com,307-726-6526,
Nolana Norquayckaubischdv@wikia.com,307-726-6526,
Jeromy Hyndckaubischdv@wikia.com,307-726-6526,
June Binleyckaubischdv@wikia.com,307-726-6526,
Sheelah Loosckaubischdv@wikia.com,307-726-6526,
Dov Di Robertockaubischdv@wikia.com,307-726-6526,
Audre Boyettckaubischdv@wikia.com,307-726-6526,
Lorelei Warringtonckaubischdv@wikia.com,307-726-6526,
Zonda Woltmanckaubischdv@wikia.com,307-726-6526,
Sigismondo Chillesckaubischdv@wikia.com,307-726-6526,
Erminia Kubiakckaubischdv@wikia.com,307-726-6526,
Druci Glennckaubischdv@wikia.com,307-726-6526,
Jeromy Gewerckaubischdv@wikia.com,307-726-6526,
Edin O'Fihillieckaubischdv@wikia.com,307-726-6526,
Garey MacCorkellckaubischdv@wikia.com,307-726-6526,
Maribeth Bulleynckaubischdv@wikia.com,307-726-6526,
Rianon Mariolleckaubischdv@wikia.com,307-726-6526,
Roldan Ransfieldckaubischdv@wikia.com,307-726-6526,
Tedman Lenehamckaubischdv@wikia.com,307-726-6526,
Marlo Haggisckaubischdv@wikia.com,307-726-6526,
Job Pallyckaubischdv@wikia.com,307-726-6526,
Tina Laugheraneckaubischdv@wikia.com,307-726-6526,
Rose Meadsckaubischdv@wikia.com,307-726-6526,
Trent Nelliesckaubischdv@wikia.com,307-726-6526,
Lanie Mawerckaubischdv@wikia.com,307-726-6526,
Kay Carberyckaubischdv@wikia.com,307-726-6526,
Agosto Penzerckaubischdv@wikia.com,307-726-6526,
Morgan Mittonckaubischdv@wikia.com,307-726-6526,
Merrick Minchentonckaubischdv@wikia.com,307-726-6526,
Genny Tomblingckaubischdv@wikia.com,307-726-6526,
Pinchas Titterrellckaubischdv@wikia.com,307-726-6526,
Randie Sandellckaubischdv@wikia.com,307-726-6526,
Sutherlan Arrighettickaubischdv@wikia.com,307-726-6526,
Manfred Tilzeyckaubischdv@wikia.com,307-726-6526,
Norby Wasonckaubischdv@wikia.com,307-726-6526,
Sonny Passockaubischdv@wikia.com,307-726-6526,
Lorry Pateyckaubischdv@wikia.com,307-726-6526,
Hasty O'Sheilsckaubischdv@wikia.com,307-726-6526,
Jorgan Codeckaubischdv@wikia.com,307-726-6526,
Giovanna Trudgianckaubischdv@wikia.com,307-726-6526,
Phaidra Sappellckaubischdv@wikia.com,307-726-6526,
Gratia Riccettickaubischdv@wikia.com,307-726-6526,
Romeo Maddafordckaubischdv@wikia.com,307-726-6526,
Jerrylee Boudackaubischdv@wikia.com,307-726-6526,
Bunnie Cajklerckaubischdv@wikia.com,307-726-6526,
Cally Sheldonckaubischdv@wikia.com,307-726-6526,
Emiline Hansleyckaubischdv@wikia.com,307-726-6526,
Angelle Farryannckaubischdv@wikia.com,307-726-6526,
Thibaud Defraineckaubischdv@wikia.com,307-726-6526,
Catherin Sawoodckaubischdv@wikia.com,307-726-6526,
Antonietta Mc Hargckaubischdv@wikia.com,307-726-6526,
Ike Saunterckaubischdv@wikia.com,307-726-6526,
Wes Ricoldckaubischdv@wikia.com,307-726-6526,
Rahal Orridgeckaubischdv@wikia.com,307-726-6526,
Mal Scatesckaubischdv@wikia.com,307-726-6526,
Alica Chapellckaubischdv@wikia.com,307-726-6526,
Connie Kennedyckaubischdv@wikia.com,307-726-6526,
Hildegarde Beadhamckaubischdv@wikia.com,307-726-6526,
Libby Kaasckaubischdv@wikia.com,307-726-6526,
Westbrooke Cadmanckaubischdv@wikia.com,307-726-6526,
Shalne Boulstridgeckaubischdv@wikia.com,307-726-6526,
Beulah Fransewichckaubischdv@wikia.com,307-726-6526,
Otis Cossellckaubischdv@wikia.com,307-726-6526,
Giraldo Moresbyckaubischdv@wikia.com,307-726-6526,
Didi Parrottckaubischdv@wikia.com,307-726-6526,
Nelson Gagerckaubischdv@wikia.com,307-726-6526,
Izzy Zarfatickaubischdv@wikia.com,307-726-6526,
Carroll Rosenauckaubischdv@wikia.com,307-726-6526,
Yevette Okendenckaubischdv@wikia.com,307-726-6526,
Penn Lyesckaubischdv@wikia.com,307-726-6526,
Hyacintha Gallandckaubischdv@wikia.com,307-726-6526,
Alessandra Lapreckaubischdv@wikia.com,307-726-6526,
Nomi Colcloughckaubischdv@wikia.com,307-726-6526,
Julian Wadlowckaubischdv@wikia.com,307-726-6526,
Britte Daborneckaubischdv@wikia.com,307-726-6526,
Harmony Cruftckaubischdv@wikia.com,307-726-6526,
Debera Longlandckaubischdv@wikia.com,307-726-6526,
Phillie Foyckaubischdv@wikia.com,307-726-6526,
Monica McMurthyckaubischdv@wikia.com,307-726-6526,
Kinny Pettersenckaubischdv@wikia.com,307-726-6526,
Ashlan Schuhckaubischdv@wikia.com,307-726-6526,
Arley Sillitoeckaubischdv@wikia.com,307-726-6526,
Anallise Hamberstonckaubischdv@wikia.com,307-726-6526,
Herrick Cattelckaubischdv@wikia.com,307-726-6526,
Franz Toffolettockaubischdv@wikia.com,307-726-6526,
Stanfield Cornessckaubischdv@wikia.com,307-726-6526,
Cody Hakenckaubischdv@wikia.com,307-726-6526,
Prue Gymlettckaubischdv@wikia.com,307-726-6526,
Wyndham Iorizzockaubischdv@wikia.com,307-726-6526,
Maria Skellorneckaubischdv@wikia.com,307-726-6526,
Raquel Kinghckaubischdv@wikia.com,307-726-6526,
Rozele Bewshireckaubischdv@wikia.com,307-726-6526,
Flor Prenckaubischdv@wikia.com,307-726-6526,
Park von Nassauckaubischdv@wikia.com,307-726-6526,
Lisbeth Frugierckaubischdv@wikia.com,307-726-6526,
Shurlock Blackabyckaubischdv@wikia.com,307-726-6526,
Lisetta Ryallckaubischdv@wikia.com,307-726-6526,
Gaylord Burdenckaubischdv@wikia.com,307-726-6526,
Lonni Niccolsckaubischdv@wikia.com,307-726-6526,
Adele Hauxleyckaubischdv@wikia.com,307-726-6526,
Dante Garlingeckaubischdv@wikia.com,307-726-6526,
Dorolice Karolyckaubischdv@wikia.com,307-726-6526,
Neilla Nicholsckaubischdv@wikia.com,307-726-6526,
Dave Isenorckaubischdv@wikia.com,307-726-6526,
Alonzo Bernierckaubischdv@wikia.com,307-726-6526,
Walsh Comarckaubischdv@wikia.com,307-726-6526,
Vidovik Simesterckaubischdv@wikia.com,307-726-6526,
Lesley Lodewickckaubischdv@wikia.com,307-726-6526,
Artemus Anchorckaubischdv@wikia.com,307-726-6526,
Dominick Petfordckaubischdv@wikia.com,307-726-6526,
Reagan Bonickckaubischdv@wikia.com,307-726-6526,
Kata MacCrackanckaubischdv@wikia.com,307-726-6526,
Ephrayim Spridgeonckaubischdv@wikia.com,307-726-6526,
Teddy Cattinickaubischdv@wikia.com,307-726-6526,
Elvina Yaninckaubischdv@wikia.com,307-726-6526,
Nickolas Whelanckaubischdv@wikia.com,307-726-6526,
Lisbeth Matuszakckaubischdv@wikia.com,307-726-6526,
Merrick McAlpineckaubischdv@wikia.com,307-726-6526,
Christie Sprullckaubischdv@wikia.com,307-726-6526,
Carly Farnyckaubischdv@wikia.com,307-726-6526,
Blithe Gippesckaubischdv@wikia.com,307-726-6526,
Kelley Gullaneckaubischdv@wikia.com,307-726-6526,
Kelwin Ciobotaruckaubischdv@wikia.com,307-726-6526,
Aleksandr Hablotckaubischdv@wikia.com,307-726-6526,
Joshua Carnellckaubischdv@wikia.com,307-726-6526,
Jeniece Sumersckaubischdv@wikia.com,307-726-6526,
Christy Iveryckaubischdv@wikia.com,307-726-6526,
Claudina Proshckaubischdv@wikia.com,307-726-6526,
Jeanette Reucastleckaubischdv@wikia.com,307-726-6526,
Zerk Beelckaubischdv@wikia.com,307-726-6526,
Catina Surman-Wellsckaubischdv@wikia.com,307-726-6526,
Lombard D'Ambrogiockaubischdv@wikia.com,307-726-6526,
Heather Spondleyckaubischdv@wikia.com,307-726-6526,
Morrie Dundridgeckaubischdv@wikia.com,307-726-6526,
Alix Shimmanckaubischdv@wikia.com,307-726-6526,
Rodolphe Hasleyckaubischdv@wikia.com,307-726-6526,
Calhoun Flemmichckaubischdv@wikia.com,307-726-6526,
Kenn Wilcocksckaubischdv@wikia.com,307-726-6526,
Marcelle Anderckaubischdv@wikia.com,307-726-6526,
Catrina Clohissyckaubischdv@wikia.com,307-726-6526,
Edeline Rooksbyckaubischdv@wikia.com,307-726-6526,
Hilary Puttickckaubischdv@wikia.com,307-726-6526,
Mickie Peatheyjohnsckaubischdv@wikia.com,307-726-6526,
Cherilyn Ciabatterickaubischdv@wikia.com,307-726-6526,
Tobiah Slaughterckaubischdv@wikia.com,307-726-6526,
Patricio Staintonckaubischdv@wikia.com,307-726-6526,
Griffy Mustardckaubischdv@wikia.com,307-726-6526,
Gaby Demeckaubischdv@wikia.com,307-726-6526,
Sal Mayerckaubischdv@wikia.com,307-726-6526,
Hal Lambisckaubischdv@wikia.com,307-726-6526,
Raimund Hitschkeckaubischdv@wikia.com,307-726-6526,
Garold Slateckaubischdv@wikia.com,307-726-6526,
Zsa zsa Lipyeatckaubischdv@wikia.com,307-726-6526,
Aila Bottomerckaubischdv@wikia.com,307-726-6526,
Kissiah Winstonckaubischdv@wikia.com,307-726-6526,
Jermaine Mouldenckaubischdv@wikia.com,307-726-6526,
Sky Kearyckaubischdv@wikia.com,307-726-6526,
Nikita Huygensckaubischdv@wikia.com,307-726-6526,
Kandace Tyasckaubischdv@wikia.com,307-726-6526,
Hale Wharbyckaubischdv@wikia.com,307-726-6526,
Frankie Binyonckaubischdv@wikia.com,307-726-6526,
Allan Persentckaubischdv@wikia.com,307-726-6526,
Martie Dictckaubischdv@wikia.com,307-726-6526,
Christoforo Eckckaubischdv@wikia.com,307-726-6526,
Virgina Burnsideckaubischdv@wikia.com,307-726-6526,
Wolfie Dodshunckaubischdv@wikia.com,307-726-6526,
Winne Ditterckaubischdv@wikia.com,307-726-6526,
Brigham Baynsckaubischdv@wikia.com,307-726-6526,
Annmarie Schuckckaubischdv@wikia.com,307-726-6526,
Andrej Menziesckaubischdv@wikia.com,307-726-6526,
Jania Kelleherckaubischdv@wikia.com,307-726-6526,
Adham Logueckaubischdv@wikia.com,307-726-6526,
Rivalee Biggckaubischdv@wikia.com,307-726-6526,
Eimile MacCallamckaubischdv@wikia.com,307-726-6526,
Doralin Oloshinckaubischdv@wikia.com,307-726-6526,
Tessy Devilckaubischdv@wikia.com,307-726-6526,
Laraine Freeberneckaubischdv@wikia.com,307-726-6526,
Raimondo Howsleyckaubischdv@wikia.com,307-726-6526,
Alisa Birdsckaubischdv@wikia.com,307-726-6526,
Brit Hazelgreaveckaubischdv@wikia.com,307-726-6526,
Robinet McDadeckaubischdv@wikia.com,307-726-6526,
Rinaldo Trewmanckaubischdv@wikia.com,307-726-6526,
Lyman Wittkeckaubischdv@wikia.com,307-726-6526,
Norry Meesckaubischdv@wikia.com,307-726-6526,
Gabriella Closeckaubischdv@wikia.com,307-726-6526,
Rosie Keesmanckaubischdv@wikia.com,307-726-6526,
Bonni Gillimghamckaubischdv@wikia.com,307-726-6526,
Dosi Macieiczykckaubischdv@wikia.com,307-726-6526,
Jacinthe Gabbottckaubischdv@wikia.com,307-726-6526,
Rosalinde Ridoutckaubischdv@wikia.com,307-726-6526,
Lizbeth Climerckaubischdv@wikia.com,307-726-6526,
Wheeler Stalleyckaubischdv@wikia.com,307-726-6526,
Melloney Heintzeckaubischdv@wikia.com,307-726-6526,
Sula Ollivierreckaubischdv@wikia.com,307-726-6526,
Colver MacSweeneyckaubischdv@wikia.com,307-726-6526,
Torrey Aizikovitzckaubischdv@wikia.com,307-726-6526,
Barny Beminsterckaubischdv@wikia.com,307-726-6526,
Colby Saddckaubischdv@wikia.com,307-726-6526,
Pernell Westnedgeckaubischdv@wikia.com,307-726-6526,
Gonzales Kalinskyckaubischdv@wikia.com,307-726-6526,
Benni Dowseyckaubischdv@wikia.com,307-726-6526,
Laura Drysdallckaubischdv@wikia.com,307-726-6526,
Drew Flatteckaubischdv@wikia.com,307-726-6526,
Lea Gledhallckaubischdv@wikia.com,307-726-6526,
Lorie Evesqueckaubischdv@wikia.com,307-726-6526,
Daven Luxckaubischdv@wikia.com,307-726-6526,
Ruperta Flecknoeckaubischdv@wikia.com,307-726-6526,
Stuart Alpineckaubischdv@wikia.com,307-726-6526,
Helge Menereckaubischdv@wikia.com,307-726-6526,
Minna Lewteyckaubischdv@wikia.com,307-726-6526,
Rebecka Fishburnckaubischdv@wikia.com,307-726-6526,
Leisha Mapplebeckckaubischdv@wikia.com,307-726-6526,
Berny Staplesckaubischdv@wikia.com,307-726-6526,
Robinia Worleyckaubischdv@wikia.com,307-726-6526,
Fonz Eaglingckaubischdv@wikia.com,307-726-6526,
Concettina Aggiockaubischdv@wikia.com,307-726-6526,
Irena Greyckaubischdv@wikia.com,307-726-6526,
Abbey Mallardckaubischdv@wikia.com,307-726-6526,
Sumner Vokesckaubischdv@wikia.com,307-726-6526,
Phebe Endrizzickaubischdv@wikia.com,307-726-6526,
Grenville Barrieckaubischdv@wikia.com,307-726-6526,
Clemmy Venningsckaubischdv@wikia.com,307-726-6526,
Issie Johnstoneckaubischdv@wikia.com,307-726-6526,
Nina Leggettckaubischdv@wikia.com,307-726-6526,
Annis Sangrackaubischdv@wikia.com,307-726-6526,
Giuseppe Daneckaubischdv@wikia.com,307-726-6526,
Park Dacheyckaubischdv@wikia.com,307-726-6526,
Northrup Buttingckaubischdv@wikia.com,307-726-6526,
Francis Dadswellckaubischdv@wikia.com,307-726-6526,
Delilah Delnevockaubischdv@wikia.com,307-726-6526,
Daniel Spierckaubischdv@wikia.com,307-726-6526,
Kerianne Harbageckaubischdv@wikia.com,307-726-6526,
Vladamir Le Pineckaubischdv@wikia.com,307-726-6526,
Denny Goodersonckaubischdv@wikia.com,307-726-6526,
Rorke Polleyckaubischdv@wikia.com,307-726-6526,
Rhoda Dymondckaubischdv@wikia.com,307-726-6526,
Mommy Roumierckaubischdv@wikia.com,307-726-6526,
Karlens Loidlckaubischdv@wikia.com,307-726-6526,
Lionel Finbyckaubischdv@wikia.com,307-726-6526,
Nil Pelzckaubischdv@wikia.com,307-726-6526,
Mac Mogridgeckaubischdv@wikia.com,307-726-6526,
Franklyn McDermidckaubischdv@wikia.com,307-726-6526,
Leonhard Patchingckaubischdv@wikia.com,307-726-6526,
Darnall Burdettckaubischdv@wikia.com,307-726-6526,
Emmy Buckthorpckaubischdv@wikia.com,307-726-6526,
Chev Bertckaubischdv@wikia.com,307-726-6526,
Avrom Vautierckaubischdv@wikia.com,307-726-6526,
Katti Reicharzckaubischdv@wikia.com,307-726-6526,
Harper Orkneyckaubischdv@wikia.com,307-726-6526,
Nataline Crowdckaubischdv@wikia.com,307-726-6526,
Bambie Halkyardckaubischdv@wikia.com,307-726-6526,
Taddeo Stoddckaubischdv@wikia.com,307-726-6526,
Kayley Bohlingckaubischdv@wikia.com,307-726-6526,
Magnum Marrowckaubischdv@wikia.com,307-726-6526,
Fern Nockellsckaubischdv@wikia.com,307-726-6526,
Melodee Canacottckaubischdv@wikia.com,307-726-6526,
Sollie Persickeckaubischdv@wikia.com,307-726-6526,
Consuelo Pitchersckaubischdv@wikia.com,307-726-6526,
Marabel Selveyckaubischdv@wikia.com,307-726-6526,
Teodor Gladdolphckaubischdv@wikia.com,307-726-6526,
Lizbeth Tantickaubischdv@wikia.com,307-726-6526,
Graham Kirkupckaubischdv@wikia.com,307-726-6526,
Lacee Gyvesckaubischdv@wikia.com,307-726-6526,
Roma Scoonckaubischdv@wikia.com,307-726-6526,
Frannie Antrackckaubischdv@wikia.com,307-726-6526,
Sunshine ducarmeckaubischdv@wikia.com,307-726-6526,
Carey Triplowckaubischdv@wikia.com,307-726-6526,
Barri Lebretonckaubischdv@wikia.com,307-726-6526,
Rochette Janissonckaubischdv@wikia.com,307-726-6526,
Colette Jirkackaubischdv@wikia.com,307-726-6526,
Karoly Heatlyckaubischdv@wikia.com,307-726-6526,
Letitia Raithmillckaubischdv@wikia.com,307-726-6526,
Erda Shererckaubischdv@wikia.com,307-726-6526,
Wernher Leideckerckaubischdv@wikia.com,307-726-6526,
Odette Noyeckaubischdv@wikia.com,307-726-6526,
Chaddie Broughtonckaubischdv@wikia.com,307-726-6526,
Aylmar Benningtonckaubischdv@wikia.com,307-726-6526,
Jilly Whealckaubischdv@wikia.com,307-726-6526,
Dru Koppeckckaubischdv@wikia.com,307-726-6526,
Mata Pantingckaubischdv@wikia.com,307-726-6526,
Catha Geppckaubischdv@wikia.com,307-726-6526,
Tyler Tabbernorckaubischdv@wikia.com,307-726-6526,
Fraze Scrivenckaubischdv@wikia.com,307-726-6526,
Darnall Tebbothckaubischdv@wikia.com,307-726-6526,
Jacenta Dignumckaubischdv@wikia.com,307-726-6526,
Emlen Tokleyckaubischdv@wikia.com,307-726-6526,
Federico Balazinckaubischdv@wikia.com,307-726-6526,
Devon Tebbuttckaubischdv@wikia.com,307-726-6526,
Moore McRitchieckaubischdv@wikia.com,307-726-6526,
Eamon Verrillockaubischdv@wikia.com,307-726-6526,
Parke Hazletonckaubischdv@wikia.com,307-726-6526,
Jandy Lomasckaubischdv@wikia.com,307-726-6526,
Lynda Bavisterckaubischdv@wikia.com,307-726-6526,
Robinetta Haddacksckaubischdv@wikia.com,307-726-6526,
Cornela Stidworthyckaubischdv@wikia.com,307-726-6526,
Tami Ivanuschkackaubischdv@wikia.com,307-726-6526,
Isidora Satterlyckaubischdv@wikia.com,307-726-6526,
Jami Cottageckaubischdv@wikia.com,307-726-6526,
Enrica MacLennanckaubischdv@wikia.com,307-726-6526,
Tamar Wishkarckaubischdv@wikia.com,307-726-6526,
Rebeka Southwoodckaubischdv@wikia.com,307-726-6526,
Nevins Rounsefellckaubischdv@wikia.com,307-726-6526,
Sibby Armitageckaubischdv@wikia.com,307-726-6526,
Charil Montierckaubischdv@wikia.com,307-726-6526,
Nickey Decroixckaubischdv@wikia.com,307-726-6526,
Alasteir Gehrelsckaubischdv@wikia.com,307-726-6526,
Elnora Gabitesckaubischdv@wikia.com,307-726-6526,
Augie Chaundyckaubischdv@wikia.com,307-726-6526,
Diandra Snowdingckaubischdv@wikia.com,307-726-6526,
Brit Soreyckaubischdv@wikia.com,307-726-6526,
Mabel Leith-Harveyckaubischdv@wikia.com,307-726-6526,
Mignon Fairhamckaubischdv@wikia.com,307-726-6526,
Cornall Dennisckaubischdv@wikia.com,307-726-6526,
Forster Baccusckaubischdv@wikia.com,307-726-6526,
Jarib Denisckaubischdv@wikia.com,307-726-6526,
Camellia Poulettckaubischdv@wikia.com,307-726-6526,
Woodie Teasellckaubischdv@wikia.com,307-726-6526,
Niven Stoffelckaubischdv@wikia.com,307-726-6526,
Berty Laurantckaubischdv@wikia.com,307-726-6526,
Brier Geffcockckaubischdv@wikia.com,307-726-6526,
Beulah Conmanckaubischdv@wikia.com,307-726-6526,
Joceline Brewsterckaubischdv@wikia.com,307-726-6526,
Odell Maryckaubischdv@wikia.com,307-726-6526,
Calli Guiderackaubischdv@wikia.com,307-726-6526,
Paulina Dixceeckaubischdv@wikia.com,307-726-6526,
Tarrah Holthamckaubischdv@wikia.com,307-726-6526,
Shannan Crasswellerckaubischdv@wikia.com,307-726-6526,
Elise Brownsallckaubischdv@wikia.com,307-726-6526,
Martyn Kunzckaubischdv@wikia.com,307-726-6526,
Trixie Swainstonckaubischdv@wikia.com,307-726-6526,
Donni Testockaubischdv@wikia.com,307-726-6526,
Gaven Chaneyckaubischdv@wikia.com,307-726-6526,
Mariejeanne Giorginickaubischdv@wikia.com,307-726-6526,
Therese Coulthardckaubischdv@wikia.com,307-726-6526,
Niels Hanselmannckaubischdv@wikia.com,307-726-6526,
Chiquia Balmackaubischdv@wikia.com,307-726-6526,
Virginie Wagonckaubischdv@wikia.com,307-726-6526,
Aprilette Patingtonckaubischdv@wikia.com,307-726-6526,
Brock Dilletckaubischdv@wikia.com,307-726-6526,
Bendick Swansburyckaubischdv@wikia.com,307-726-6526,
Tibold Schuchmacherckaubischdv@wikia.com,307-726-6526,
Roz Holwellckaubischdv@wikia.com,307-726-6526,
Alleyn Wilsteadckaubischdv@wikia.com,307-726-6526,
Renell Leatheckaubischdv@wikia.com,307-726-6526,
Anna-diane Abbittckaubischdv@wikia.com,307-726-6526,
Vonny Gisbeyckaubischdv@wikia.com,307-726-6526,
Tommy Lutherckaubischdv@wikia.com,307-726-6526,
Kalina Stiffkinsckaubischdv@wikia.com,307-726-6526,
Olenolin Fiorentinockaubischdv@wikia.com,307-726-6526,
Way Beadeckaubischdv@wikia.com,307-726-6526,
Hi Sollowayckaubischdv@wikia.com,307-726-6526,
Far MacMarcuisckaubischdv@wikia.com,307-726-6526,
Mikel Mellckaubischdv@wikia.com,307-726-6526,
Evonne Conerdingckaubischdv@wikia.com,307-726-6526,
Marius Bernettickaubischdv@wikia.com,307-726-6526,
Babbie Catchpoleckaubischdv@wikia.com,307-726-6526,
Keven Dowreyckaubischdv@wikia.com,307-726-6526,
Udell Magillckaubischdv@wikia.com,307-726-6526,
Deeyn Winterburnckaubischdv@wikia.com,307-726-6526,
Consalve Jeanessonckaubischdv@wikia.com,307-726-6526,
Adam Portailckaubischdv@wikia.com,307-726-6526,
Beverlie Hixsonckaubischdv@wikia.com,307-726-6526,
Jillene Cowanckaubischdv@wikia.com,307-726-6526,
Hewitt Stowersckaubischdv@wikia.com,307-726-6526,
Codie Lupsonckaubischdv@wikia.com,307-726-6526,
Carine Fisbyckaubischdv@wikia.com,307-726-6526,
Adrianna Barkasckaubischdv@wikia.com,307-726-6526,
Brenda Stothardckaubischdv@wikia.com,307-726-6526,
Graehme Jeeckaubischdv@wikia.com,307-726-6526,
Halie Chardinckaubischdv@wikia.com,307-726-6526,
Archaimbaud Stovineckaubischdv@wikia.com,307-726-6526,
Thia McNeillyckaubischdv@wikia.com,307-726-6526,
Casi Lippittckaubischdv@wikia.com,307-726-6526,
Jenn Eaglestonckaubischdv@wikia.com,307-726-6526,
Meggi O'Hingertyckaubischdv@wikia.com,307-726-6526,
Adolphus Schonfelderckaubischdv@wikia.com,307-726-6526,
Ruy Bateripckaubischdv@wikia.com,307-726-6526,
Vinson Sorensenckaubischdv@wikia.com,307-726-6526,
Philippe Diggensckaubischdv@wikia.com,307-726-6526,
Mady Brimfieldckaubischdv@wikia.com,307-726-6526,
Pegeen Banghamckaubischdv@wikia.com,307-726-6526,
Dunn Rakestrawckaubischdv@wikia.com,307-726-6526,
Martyn Munsonckaubischdv@wikia.com,307-726-6526,
Zaria Dorwoodckaubischdv@wikia.com,307-726-6526,
Lorry Buckenhamckaubischdv@wikia.com,307-726-6526,
Lynne Ortetckaubischdv@wikia.com,307-726-6526,
Skippy Yurkiewiczckaubischdv@wikia.com,307-726-6526,
Alicia Sunterckaubischdv@wikia.com,307-726-6526,
Vick Geffingerckaubischdv@wikia.com,307-726-6526,
Derrick Elbournckaubischdv@wikia.com,307-726-6526,
Aleda Dominiqueckaubischdv@wikia.com,307-726-6526,
Debera Ivanyutinckaubischdv@wikia.com,307-726-6526,
Kirstin Grinyakinckaubischdv@wikia.com,307-726-6526,
Haywood Rumboldckaubischdv@wikia.com,307-726-6526,
Karalynn Lambkinckaubischdv@wikia.com,307-726-6526,
Kessiah Tynemouthckaubischdv@wikia.com,307-726-6526,
Carmela Kaubischckaubischdv@wikia.com,307-726-6526,
